{
  "releases": [
    {
      "version": "1.3",
      "tags": [
        "active",
        "odd"
      ],
      "platform": "windows",
      "md5": "ea0d1352f9c0d6cf1503f73be5637f83",
      "file": "app_odd.exe"
    },
    {
      "version": "1.2",
      "tags": [
        "archive",
        "even"
      ],
      "platform": "windows",
      "md5": "167adce1115f44966cdfdffabb251609",
      "file": "app_even.exe"
    },
    {
      "version": "1.3",
      "tags": [
        "active",
        "odd"
      ],
      "platform": "darwin",
      "md5": "1963b9db7ffe63736b722c1b1d701dc4",
      "file": "app_odd_mac"
    },
    {
      "version": "1.2",
      "tags": [
        "lts",
        "even"
      ],
      "platform": "darwin",
      "md5": "452ec3be0917beb3dce1709ce30ad06d",
      "file": "app_even_mac"
    },
    {
      "version": "1.3",
      "tags": [
        "active",
        "odd"
      ],
      "platform": "linux",
      "md5": "3cad308b733ea3cae251f49c7b0fa448",
      "file": "app_odd_linux"
    },
    {
      "version": "1.2",
      "tags": [
        "lts",
        "even"
      ],
      "platform": "linux",
      "md5": "a975db92553102dc362b9b1c259f14f0",
      "file": "app_even_linux"
    }
  ]
}